customer_id,name,email,country,signup_date,updated_at,is_current,start_date,end_date
1,Allison Hill,jillrhodes@miller.com,Djibouti,2024-07-26,2025-06-18,True,2025-06-18,
2,Kristina Baldwin,shaneramirez@gmail.com,Senegal,2025-03-16,2025-05-12,True,2025-05-12,
3,Jay Ramirez,curtis61@abbott-munoz.com,Saint Lucia,2024-06-20,2024-07-02,True,2024-07-02,
4,Valerie Gray,barbara10@hotmail.com,Denmark,2025-02-19,2025-07-09,True,2025-07-09,
5,Bobby Hall,oramirez@martin-kelly.com,Reunion,2025-06-26,2025-10-29,True,2025-10-29,
6,Andrea Reid,stevennelson@watts.com,Denmark,2025-03-29,2025-07-21,True,2025-07-21,
7,Ethan Adams,jason76@ellis.net,Martinique,2024-01-20,2024-03-31,True,2024-03-31,
8,Jessica Silva,wendytaylor@yahoo.com,Bermuda,2025-02-06,2025-03-30,True,2025-03-30,
9,Brian Burton,cruzcaitlin@yahoo.com,Malta,2024-01-11,2024-12-22,True,2024-12-22,
10,Shannon Smith,kayla51@graham-chavez.com,Macao,2025-02-10,2025-11-16,True,2025-11-16,
11,Thomas Harrell,ericfarmer@hotmail.com,Zimbabwe,2025-02-23,2025-04-08,True,2025-04-08,
12,Tamara George,rodriguezmichael@yahoo.com,Dominican Republic,2023-08-13,2024-06-10,True,2024-06-10,
13,Keith Miller,spenceamanda@gmail.com,Brunei Darussalam,2024-11-23,2025-06-27,True,2025-06-27,
14,Joshua Baker,sarahcampos@hotmail.com,Cook Islands,2025-01-03,2025-01-19,True,2025-01-19,
15,Zachary Santos,omartinez@gmail.com,Guadeloupe,2023-07-16,2023-07-31,True,2023-07-31,
16,Crystal Robinson,perezrebecca@jones-young.info,Croatia,2024-08-21,2024-10-07,True,2024-10-07,
17,Timothy Duncan,kristenaguirre@gmail.com,Bhutan,2023-09-13,2024-01-02,True,2024-01-02,
18,Heather Jenkins,brownjessica@wright.net,Kiribati,2023-10-16,2024-02-12,True,2024-02-12,
19,Donald Wright,jmorton@williams.com,Bermuda,2025-06-18,2026-03-03,True,2026-03-03,
20,Cynthia Russell,michellebarrera@gmail.com,Hong Kong,2023-07-01,2024-05-04,True,2024-05-04,
21,Mrs. Rachel Gibson,smoore@gmail.com,Azerbaijan,2024-09-21,2024-10-04,True,2024-10-04,
22,Amy Edwards,hshaw@brown.com,Thailand,2023-11-21,2024-09-03,True,2024-09-03,
23,Barry Hensley,davidashley@hotmail.com,Nauru,2023-07-30,2023-11-08,True,2023-11-08,
24,Jennifer Silva,james53@yahoo.com,Indonesia,2023-10-09,2024-09-05,True,2024-09-05,
25,Elizabeth Stewart,ellisyolanda@jones.net,Estonia,2023-10-10,2024-10-03,True,2024-10-03,
26,Shirley Suarez,eric84@hotmail.com,Sri Lanka,2024-11-18,2025-08-24,True,2025-08-24,
27,Mary Spencer,josephpreston@tran.com,Costa Rica,2024-12-14,2025-07-16,True,2025-07-16,
28,Deborah Freeman,waltersmaria@smith.com,Central African Republic,2025-01-25,2025-05-17,True,2025-05-17,
29,Michael Hoffman,landryhannah@gardner.org,Mexico,2023-10-23,2024-06-08,True,2024-06-08,
30,Andrew Diaz,jason31@deleon-henson.biz,Nicaragua,2025-02-01,2025-11-29,True,2025-11-29,
31,Timothy Hancock,vjohnson@patton-jenkins.com,Ethiopia,2023-10-31,2024-03-21,True,2024-03-21,
32,Ashley Brennan,jamessellers@yahoo.com,Gambia,2025-03-28,2025-03-31,True,2025-03-31,
33,Crystal Johnson,emurphy@bell-hicks.net,Greenland,2025-06-28,2025-09-17,True,2025-09-17,
34,Shawn Green,rodriguezryan@hotmail.com,Solomon Islands,2024-02-28,2025-02-19,True,2025-02-19,
35,William Wilson,bradley60@frost.com,Haiti,2024-05-29,2024-12-31,True,2024-12-31,
36,Matthew Rivera,cortezkevin@yahoo.com,Papua New Guinea,2024-05-12,2024-11-02,True,2024-11-02,
37,Michael Spencer,yortega@adkins.biz,Mayotte,2025-04-07,2025-08-27,True,2025-08-27,
38,Dustin Jordan,rramos@gmail.com,Madagascar,2024-07-01,2024-09-18,True,2024-09-18,
39,Toni Fitzgerald,zachary95@cardenas.com,Czech Republic,2025-03-17,2025-07-05,True,2025-07-05,
40,Alexander Sanchez,gibsonolivia@hotmail.com,Congo,2025-01-07,2025-06-28,True,2025-06-28,
41,Kathleen Sanchez,osbornejeffery@holmes.com,Korea,2023-10-11,2023-12-02,True,2023-12-02,
42,Mary Travis,usalazar@hotmail.com,Japan,2025-04-05,2025-05-22,True,2025-05-22,
43,Jill Moore,pgreen@hotmail.com,Falkland Islands (Malvinas),2025-02-13,2025-08-26,True,2025-08-26,
44,Kari Allen,reevesjimmy@yahoo.com,Ghana,2025-05-23,2025-07-11,True,2025-07-11,
45,Brenda Hall,calebrussell@owens.biz,United Kingdom,2025-02-16,2025-08-18,True,2025-08-18,
46,Melissa Gates,wsmith@yahoo.com,Sao Tome and Principe,2024-04-27,2024-10-20,True,2024-10-20,
47,Tiffany Barnes,brobinson@johnson-rogers.biz,Saint Kitts and Nevis,2023-11-05,2024-09-09,True,2024-09-09,
48,Tamara Hooper,qvargas@miller.com,Tonga,2024-06-22,2024-11-04,True,2024-11-04,
49,David Murphy,matthew64@yahoo.com,El Salvador,2025-04-08,2025-04-30,True,2025-04-30,
50,Alec Ryan,debraharrington@hotmail.com,Armenia,2025-02-04,2025-09-27,True,2025-09-27,
51,David Combs,davidcaldwell@gould.com,Chad,2024-10-12,2025-07-13,True,2025-07-13,
52,Nicole Wilson,daniel04@byrd.com,Belarus,2024-10-01,2024-12-03,True,2024-12-03,
53,Lori Garcia,hoganashlee@gmail.com,Guatemala,2024-08-16,2025-02-25,True,2025-02-25,
54,Jacob Hunter,atkinsonlynn@gmail.com,Jersey,2024-04-06,2024-05-16,True,2024-05-16,
55,Sandra Zimmerman,jessicasheppard@yahoo.com,New Zealand,2025-03-18,2025-12-25,True,2025-12-25,
56,Patricia Marshall,melissa14@yahoo.com,Ecuador,2025-02-01,2025-07-01,True,2025-07-01,
57,Leonard Gray,lrosales@lewis-salinas.com,Fiji,2025-05-13,2026-03-30,True,2026-03-30,
58,Sheryl Peters,allenrichard@chang.info,Kiribati,2025-03-06,2026-01-16,True,2026-01-16,
59,Edward Sullivan,elizabeth57@schmidt.com,Guinea,2024-12-26,2025-06-29,True,2025-06-29,
60,Eric Hall,david82@robinson.com,Saint Kitts and Nevis,2024-09-29,2025-07-21,True,2025-07-21,
61,Kelly Campbell,kennethward@smith-ferguson.com,Aruba,2023-08-11,2023-11-17,True,2023-11-17,
62,Melissa Martinez,salasaudrey@yahoo.com,Lesotho,2024-06-06,2025-06-01,True,2025-06-01,
63,Vincent King,shortrichard@gmail.com,Montserrat,2024-10-30,2024-12-04,True,2024-12-04,
64,Brittany Shepherd,mcknightdavid@yahoo.com,Netherlands,2024-10-05,2024-10-28,True,2024-10-28,
65,Courtney Mills,levans@yahoo.com,Gambia,2024-09-13,2025-08-17,True,2025-08-17,
66,Lisa Singh,josephmiller@thompson.com,Afghanistan,2024-05-12,2024-09-05,True,2024-09-05,
67,Kirk Carter,jasmine71@hall.org,Panama,2025-03-15,2025-08-10,True,2025-08-10,
68,Jessica Stephens,margaret10@sparks.org,Uruguay,2024-02-09,2024-03-20,True,2024-03-20,
69,John Torres,vincent77@gmail.com,Nepal,2023-07-30,2023-11-26,True,2023-11-26,
70,Morgan Munoz,perezemily@matthews.com,Montserrat,2023-07-31,2023-09-20,True,2023-09-20,
71,Casey Stone,howard96@hotmail.com,Suriname,2024-07-15,2025-01-25,True,2025-01-25,
72,Julie Ortiz,hodgemark@hotmail.com,Lithuania,2024-02-08,2024-06-29,True,2024-06-29,
73,Jennifer Hodges,qmiller@wilson-barton.net,Sweden,2023-06-30,2024-02-17,True,2024-02-17,
74,Kimberly Gutierrez,cindy77@harris.com,Vanuatu,2024-02-08,2024-12-29,True,2024-12-29,
75,Michael Martinez,lancesmith@davis-gay.com,Kyrgyz Republic,2023-09-29,2024-04-02,True,2024-04-02,
76,Brittany Cantu,robert77@gmail.com,Korea,2024-08-31,2024-11-22,True,2024-11-22,
77,Connor Greene,hillkristy@morgan-french.com,Swaziland,2023-07-01,2024-01-06,True,2024-01-06,
78,Edwin Matthews,seanwashington@yahoo.com,Mexico,2025-02-11,2025-08-11,True,2025-08-11,
79,Jordan Morris,ashleyhall@williams-garner.biz,Hungary,2024-11-26,2025-03-13,True,2025-03-13,
80,Marissa Hernandez,waynelawrence@sawyer.com,Mali,2025-06-06,2026-05-15,True,2026-05-15,
81,Nathan Ortiz,harrisontanya@hanson-sanders.com,Timor-Leste,2024-03-11,2024-07-25,True,2024-07-25,
82,Shannon James,cbrennan@hotmail.com,Bangladesh,2023-12-29,2024-12-22,True,2024-12-22,
83,Tammie Bright,wgood@padilla.com,United Kingdom,2023-07-22,2024-07-05,True,2024-07-05,
84,Robert Carter,hthomas@yahoo.com,Monaco,2024-12-10,2025-11-06,True,2025-11-06,
85,Carolyn Miller,tyleraguilar@gmail.com,Kyrgyz Republic,2024-11-06,2024-12-12,True,2024-12-12,
86,David Smith,erica21@yahoo.com,Western Sahara,2024-03-24,2025-01-29,True,2025-01-29,
87,Elizabeth Hayden DDS,james67@gmail.com,Dominica,2024-04-21,2025-03-12,True,2025-03-12,
88,Laura Haney,spencedominique@yahoo.com,Algeria,2024-09-11,2024-12-07,True,2024-12-07,
89,Paula Beltran,kimberly39@yahoo.com,Cyprus,2024-11-05,2025-08-05,True,2025-08-05,
90,David Campos,bergerdebbie@kramer-johnson.com,Saint Martin,2023-10-10,2024-02-12,True,2024-02-12,
91,Edward Burgess,davidryan@schmidt-mcintyre.com,Equatorial Guinea,2025-06-08,2025-08-30,True,2025-08-30,
92,Karen Drake,mcdonaldcharles@gmail.com,Tokelau,2024-12-06,2025-07-30,True,2025-07-30,
93,Veronica Coffey,gibbsalexander@hotmail.com,British Virgin Islands,2024-06-17,2024-12-28,True,2024-12-28,
94,Paul Baker,daniel37@gmail.com,Nicaragua,2025-05-16,2025-10-01,True,2025-10-01,
95,Erin Bishop,tblankenship@ortiz.com,Lithuania,2023-09-28,2024-08-20,True,2024-08-20,
96,Stephen Taylor,ellen86@hotmail.com,Samoa,2025-01-14,2026-01-01,True,2026-01-01,
97,Jason Garcia,rcrosby@gmail.com,Portugal,2024-04-12,2025-01-22,True,2025-01-22,
98,Jeremy Young,pollardmichael@hotmail.com,Guinea-Bissau,2023-08-16,2023-12-06,True,2023-12-06,
99,Colton Martinez,batesdarlene@hotmail.com,Angola,2023-08-08,2024-07-23,True,2024-07-23,
100,Dana Martinez,gallegosangela@robinson.com,Solomon Islands,2025-05-29,2025-11-11,True,2025-11-11,
101,Destiny Riggs,lauren10@smith.org,Gibraltar,2023-07-12,2023-08-09,True,2023-08-09,
102,Anthony Harmon,alvarezkimberly@wheeler.org,Aruba,2025-01-14,2025-05-11,True,2025-05-11,
103,Sharon Boyd,browntimothy@yahoo.com,Japan,2024-12-13,2024-12-29,True,2024-12-29,
104,Micheal Wallace,charlene12@weber-richards.com,Hong Kong,2024-10-06,2025-03-16,True,2025-03-16,
105,Jody Jacobs,farrelldebra@le.com,Isle of Man,2024-03-19,2024-10-10,True,2024-10-10,
106,Jennifer Blair,qedwards@yahoo.com,Zimbabwe,2023-10-26,2024-03-11,True,2024-03-11,
107,Kara Davis,reynoldsjulie@cain-hawkins.org,Zimbabwe,2024-09-08,2024-10-11,True,2024-10-11,
108,Meagan Jenkins,schmittcaroline@yahoo.com,Bosnia and Herzegovina,2024-09-20,2025-01-06,True,2025-01-06,
109,Brittney Olson,megan51@andrews-aguirre.net,Seychelles,2025-03-26,2026-01-10,True,2026-01-10,
110,Megan Hawkins,whitejacqueline@yahoo.com,Uruguay,2024-03-19,2024-08-27,True,2024-08-27,
111,Christopher Thomas,thomascynthia@gmail.com,Bermuda,2025-01-29,2025-05-17,True,2025-05-17,
112,Jamie Chavez,larry59@miller.org,Australia,2024-12-04,2025-11-04,True,2025-11-04,
113,Jeremy Coleman,wnelson@hotmail.com,Brazil,2024-03-24,2024-12-04,True,2024-12-04,
114,Douglas Gregory,brandon69@gmail.com,Albania,2023-12-05,2024-06-24,True,2024-06-24,
115,Daniel Taylor,mark07@hotmail.com,Jersey,2023-11-13,2024-10-07,True,2024-10-07,
116,Joseph Hall,sandersjudy@yahoo.com,Andorra,2024-06-21,2025-02-10,True,2025-02-10,
117,Shannon Johnston,zroberts@gmail.com,Greece,2023-11-10,2024-01-22,True,2024-01-22,
118,Lisa Collier,kimdaniel@yahoo.com,Myanmar,2024-05-06,2024-09-18,True,2024-09-18,
119,Jennifer Collins,masonjackson@hotmail.com,Norfolk Island,2023-09-26,2023-12-06,True,2023-12-06,
120,Cheyenne Parsons,joelthomas@gmail.com,China,2024-10-09,2025-02-12,True,2025-02-12,
121,Peter Jones,wwebster@hotmail.com,Kiribati,2024-12-10,2025-09-23,True,2025-09-23,
122,Kristy Reid,edward17@yahoo.com,Niue,2024-02-20,2024-11-21,True,2024-11-21,
123,Leslie Bell,steven00@decker-jones.com,New Zealand,2024-10-03,2025-02-14,True,2025-02-14,
124,Julie Spencer,kstout@lopez.com,Korea,2023-09-18,2024-07-13,True,2024-07-13,
125,Sara Haas,benjaminzimmerman@warren-bishop.com,Holy See (Vatican City State),2025-06-11,2026-01-16,True,2026-01-16,
126,Jason Morgan,cameron18@hughes.org,Tunisia,2023-10-24,2024-08-17,True,2024-08-17,
127,Kevin Thomas,tammy62@hotmail.com,Russian Federation,2025-06-27,2026-01-17,True,2026-01-17,
128,Justin Schneider,elizabethcalderon@hotmail.com,Poland,2025-06-07,2025-12-09,True,2025-12-09,
129,Maria Henderson,coxhenry@gmail.com,Guam,2025-02-14,2025-06-06,True,2025-06-06,
130,Mr. Chad Jones,stanleynancy@anderson.org,Sudan,2025-05-31,2025-08-09,True,2025-08-09,
131,Jeffrey Jenkins,wbishop@bowers.info,United Kingdom,2025-04-08,2025-12-24,True,2025-12-24,
132,Michael Hudson,xhammond@yahoo.com,Macao,2024-08-12,2025-04-21,True,2025-04-21,
133,Christopher Gonzalez,brett75@villa.com,Finland,2023-09-03,2023-10-19,True,2023-10-19,
134,Denise Whitehead,odavis@wilkerson-arias.biz,Austria,2024-05-02,2024-05-26,True,2024-05-26,
135,Cynthia Vang,anthonygalvan@hotmail.com,Pakistan,2024-03-16,2024-05-11,True,2024-05-11,
136,Brenda Mitchell,katherineharrison@hotmail.com,Albania,2025-06-02,2025-08-19,True,2025-08-19,
137,David Conley,parsonsjohn@gmail.com,Australia,2024-01-01,2024-11-17,True,2024-11-17,
138,Riley Bryant,bcarlson@robertson.biz,Afghanistan,2024-10-19,2025-01-08,True,2025-01-08,
139,Kenneth Lopez,carlos88@hartman.info,Aruba,2024-11-04,2025-10-18,True,2025-10-18,
140,James Burgess,cooperjessica@hotmail.com,Bosnia and Herzegovina,2025-02-18,2025-09-22,True,2025-09-22,
141,Nicole Anderson,lisa27@hotmail.com,Lesotho,2024-11-01,2025-09-02,True,2025-09-02,
142,Chad Baldwin,carterbradley@gmail.com,Turks and Caicos Islands,2023-08-01,2023-09-02,True,2023-09-02,
143,Eric Sanders,benjamin34@yahoo.com,Tokelau,2025-02-25,2025-09-10,True,2025-09-10,
144,Matthew Nelson,vpreston@yahoo.com,Ukraine,2024-04-25,2024-11-06,True,2024-11-06,
145,Cody Holt,laurie61@yahoo.com,Netherlands Antilles,2025-03-29,2026-01-28,True,2026-01-28,
146,Edward Garcia,kirk96@gmail.com,Portugal,2024-06-08,2025-02-02,True,2025-02-02,
147,Andrew Berg,yhill@gmail.com,Belarus,2024-12-02,2025-08-29,True,2025-08-29,
148,Heidi Owen,thomascathy@johnson-jones.com,Guyana,2024-04-22,2024-08-28,True,2024-08-28,
149,Amanda Hernandez,nathan19@gmail.com,Malta,2024-04-10,2025-01-18,True,2025-01-18,
150,Matthew Wright,fitzgeraldvictor@mcintyre-wilson.com,Romania,2024-06-10,2024-06-15,True,2024-06-15,
151,Logan Benson,davidfarrell@yahoo.com,China,2025-05-28,2026-05-11,True,2026-05-11,
152,Yolanda Cochran,jenna88@yahoo.com,Uganda,2024-02-17,2024-04-15,True,2024-04-15,
153,Michelle Ho,william13@young.com,Guyana,2024-09-02,2025-08-17,True,2025-08-17,
154,Julie Bird,jonesraymond@higgins.org,Barbados,2023-10-05,2024-07-05,True,2024-07-05,
155,Maria Cole,nataliedeleon@hotmail.com,Myanmar,2023-11-18,2024-04-02,True,2024-04-02,
156,Betty Shaw,holmeskevin@morris.com,Guatemala,2025-06-29,2026-05-23,True,2026-05-23,
157,Diane Miller,david49@davis.org,Cape Verde,2023-11-09,2024-05-01,True,2024-05-01,
158,Michelle Jacobs,millerstacy@baker.org,Northern Mariana Islands,2023-07-23,2023-09-18,True,2023-09-18,
159,Mr. Dylan Frye MD,shawn02@yahoo.com,Israel,2024-07-10,2024-12-07,True,2024-12-07,
160,Gerald Thomas,theresa25@hotmail.com,Moldova,2023-09-20,2024-04-29,True,2024-04-29,
161,John Adams,colinroberts@lin-barnes.com,Suriname,2024-03-10,2024-05-29,True,2024-05-29,
162,Michelle Lee,dferrell@koch-jimenez.com,Western Sahara,2024-04-30,2024-12-18,True,2024-12-18,
163,Tracy Lewis,williamstroy@hotmail.com,Peru,2024-06-29,2024-06-30,True,2024-06-30,
164,Adam Rodriguez,jessica65@morales.net,Congo,2024-04-06,2024-08-18,True,2024-08-18,
165,Angel Gordon,andersoncolin@yahoo.com,South Africa,2024-03-19,2024-11-30,True,2024-11-30,
166,Holly Thomas,williamsderrick@yahoo.com,Spain,2024-07-01,2024-09-30,True,2024-09-30,
167,Brittany Barry,sarah52@ewing-stevenson.com,Namibia,2024-03-17,2024-12-01,True,2024-12-01,
168,Katrina Burns,xcabrera@yahoo.com,Peru,2023-09-23,2023-11-16,True,2023-11-16,
169,Lauren Robles,pbaker@lane.com,Mali,2024-10-30,2025-09-15,True,2025-09-15,
170,Patricia James,armstrongjackie@smith.biz,Canada,2024-05-15,2024-10-14,True,2024-10-14,
171,Jennifer Hampton,thorntonapril@hotmail.com,Greece,2024-11-25,2025-10-18,True,2025-10-18,
172,James Frye,amy49@yahoo.com,Congo,2024-01-07,2024-09-22,True,2024-09-22,
173,Edwin David,janet75@yahoo.com,Guernsey,2024-09-07,2025-07-15,True,2025-07-15,
174,Rebecca Hill,zhuang@blevins-ballard.com,Armenia,2024-02-08,2024-05-19,True,2024-05-19,
175,Angela Bradshaw,ilewis@yahoo.com,Venezuela,2024-09-08,2024-11-25,True,2024-11-25,
176,Breanna Gilbert,brentstein@little.com,Isle of Man,2024-03-12,2024-09-19,True,2024-09-19,
177,Ashlee Townsend,richarddonovan@woods-gonzalez.com,Gibraltar,2024-02-06,2024-04-28,True,2024-04-28,
178,Susan Davis,gentrygregory@peck.biz,Solomon Islands,2024-07-18,2025-04-20,True,2025-04-20,
179,Paul Brennan,smithashley@gmail.com,Vanuatu,2024-03-16,2024-12-12,True,2024-12-12,
180,William Daniels,melissamcdonald@gmail.com,Sudan,2023-09-25,2023-09-25,True,2023-09-25,
181,Nicholas Wong,doylekrystal@craig.biz,Sweden,2024-05-27,2025-03-29,True,2025-03-29,
182,Angie Caldwell,thomasboyle@green.info,Sao Tome and Principe,2024-01-23,2024-07-06,True,2024-07-06,
183,Elizabeth Sharp,desiree30@wilson.net,Uzbekistan,2025-05-25,2026-01-30,True,2026-01-30,
184,Patricia Vaughn,christina32@yahoo.com,Cape Verde,2024-06-17,2024-06-26,True,2024-06-26,
185,Lisa Perry,kathleenbecker@hotmail.com,Tunisia,2025-03-02,2025-04-28,True,2025-04-28,
186,Jeremy Padilla,brownamy@harris.net,Kenya,2023-09-28,2024-03-31,True,2024-03-31,
187,Michelle Burns,chavezwilliam@yahoo.com,Monaco,2023-08-13,2024-01-17,True,2024-01-17,
188,Megan Parker,ascott@robinson.com,Mauritania,2023-08-15,2023-12-15,True,2023-12-15,
189,Andrea Peck,robert26@haney-reyes.biz,Honduras,2023-08-31,2023-09-29,True,2023-09-29,
190,Mary Ryan,whiteamanda@hotmail.com,Brunei Darussalam,2025-01-15,2025-05-18,True,2025-05-18,
191,Sandy Avila,inunez@yahoo.com,Marshall Islands,2024-04-19,2025-02-03,True,2025-02-03,
192,Danielle Reed,sharonhardy@gmail.com,Antigua and Barbuda,2025-03-19,2025-04-28,True,2025-04-28,
193,Lisa Mayer,jamiegarcia@griffin.com,Ecuador,2025-01-25,2025-03-09,True,2025-03-09,
194,Jeffrey Fernandez,williamroberts@johnston.com,Dominica,2024-02-19,2024-10-24,True,2024-10-24,
195,Victoria Boyd,joshua89@hotmail.com,United States Minor Outlying Islands,2023-11-13,2023-12-18,True,2023-12-18,
196,Jessica Simpson,ufloyd@hotmail.com,Israel,2024-05-12,2025-02-08,True,2025-02-08,
197,James Webster,melissaturner@hotmail.com,Cambodia,2025-03-16,2025-05-19,True,2025-05-19,
198,Anthony Gutierrez,paulscott@yahoo.com,Oman,2023-08-30,2023-11-03,True,2023-11-03,
199,Sarah Davis,adamsemily@williams.org,Saint Kitts and Nevis,2024-12-02,2025-11-04,True,2025-11-04,
200,Karen Booth,susan03@gmail.com,Saint Vincent and the Grenadines,2023-09-29,2024-05-29,True,2024-05-29,
201,Nicole Rocha,jherman@rowe-james.net,Pakistan,2024-04-04,2025-01-10,True,2025-01-10,
202,Ian Andrade,langjennifer@yahoo.com,United States Virgin Islands,2023-12-04,2024-02-26,True,2024-02-26,
203,Jason Hart,allentran@riley.com,Denmark,2024-04-20,2024-09-02,True,2024-09-02,
204,Danielle Pierce,kathryn77@yahoo.com,Chile,2025-01-19,2025-10-16,True,2025-10-16,
205,Caroline Cortez,sabrinaweaver@hotmail.com,Bahamas,2024-08-09,2025-06-15,True,2025-06-15,
206,Ryan Landry,gutierrezmegan@jones.com,Cuba,2024-07-26,2025-02-27,True,2025-02-27,
207,Antonio Little,ismith@hotmail.com,Isle of Man,2023-07-09,2023-10-25,True,2023-10-25,
208,Nathan Nichols,shawheidi@yahoo.com,Sri Lanka,2025-06-28,2026-03-31,True,2026-03-31,
209,Ashley Davis,jamesfox@adams-sanders.com,Iraq,2024-06-20,2025-06-08,True,2025-06-08,
210,Wanda Perez,davisnicholas@alvarez.com,Luxembourg,2025-04-16,2025-07-27,True,2025-07-27,
211,Richard Knight,hallrachel@clay.com,Poland,2025-06-17,2026-06-17,True,2026-06-17,
212,Joshua Barrett,alexis39@goodwin.biz,Vanuatu,2023-08-28,2024-02-03,True,2024-02-03,
213,Justin Knight,patrick21@hotmail.com,Samoa,2024-03-24,2024-10-14,True,2024-10-14,
214,Jeffrey Roberson,unovak@gmail.com,Norfolk Island,2024-01-28,2025-01-05,True,2025-01-05,
215,Joanne Perez,llopez@hotmail.com,Hong Kong,2023-09-04,2024-08-01,True,2024-08-01,
216,Elizabeth Wright,adamsnorman@moore.com,Albania,2024-02-24,2024-09-02,True,2024-09-02,
217,Philip Garcia,ryanhawkins@russell.com,Nauru,2024-10-06,2025-05-18,True,2025-05-18,
218,Sharon Smith,umaxwell@hotmail.com,United Kingdom,2024-01-04,2024-09-24,True,2024-09-24,
219,Carolyn James,kevin72@jackson.biz,French Southern Territories,2024-07-10,2025-02-26,True,2025-02-26,
220,Heather Raymond,stephentaylor@gmail.com,Yemen,2024-05-02,2024-07-02,True,2024-07-02,
221,Manuel Brock,pcook@hotmail.com,Burkina Faso,2024-02-18,2024-06-23,True,2024-06-23,
222,Travis Harris,tamaranovak@yahoo.com,Saint Pierre and Miquelon,2024-12-20,2025-04-14,True,2025-04-14,
223,Tracy Casey,yramirez@yahoo.com,Haiti,2023-09-26,2023-10-28,True,2023-10-28,
224,Christina Osborn,bentonsteven@clark.com,Svalbard & Jan Mayen Islands,2025-04-18,2025-10-08,True,2025-10-08,
225,Jennifer Porter,johnnymoore@yahoo.com,Somalia,2024-04-17,2024-04-27,True,2024-04-27,
226,William Mendoza,ystephens@yahoo.com,Reunion,2025-05-25,2026-03-22,True,2026-03-22,
227,Linda Rocha,dianekelly@salazar.biz,Sao Tome and Principe,2024-03-13,2024-12-21,True,2024-12-21,
228,Jessica Smith,williamstone@hotmail.com,Portugal,2024-09-18,2025-01-13,True,2025-01-13,
229,James Ford,whitney71@perry-nixon.com,Switzerland,2025-06-29,2026-04-26,True,2026-04-26,
230,Hannah Cooper,gbailey@bowen-chavez.com,French Southern Territories,2023-08-03,2023-11-23,True,2023-11-23,
231,Ashley Sweeney,sarahyang@thompson.info,Djibouti,2025-03-10,2025-03-13,True,2025-03-13,
232,Cody Davidson,njohnson@gmail.com,Korea,2024-10-01,2024-11-06,True,2024-11-06,
233,Aaron Lewis,raylauren@hotmail.com,Colombia,2024-04-09,2025-04-06,True,2025-04-06,
234,Jim Baker,candice96@hotmail.com,Brazil,2024-03-26,2025-02-12,True,2025-02-12,
235,Jimmy Thompson,powerslawrence@gmail.com,Gambia,2023-09-28,2023-10-28,True,2023-10-28,
236,Michael Dixon,baileyhenderson@yahoo.com,Norfolk Island,2024-08-20,2024-12-15,True,2024-12-15,
237,Maria Cooke,lroberts@wilkinson-harvey.com,Zambia,2023-07-07,2023-08-10,True,2023-08-10,
238,Mr. James Hoffman,acohen@hotmail.com,Tajikistan,2024-06-08,2024-06-24,True,2024-06-24,
239,Bradley Johnson DDS,hillamanda@gmail.com,Slovakia (Slovak Republic),2024-06-19,2024-12-05,True,2024-12-05,
240,Patricia Simpson,adamsamy@weaver-sherman.info,Mauritius,2023-12-16,2024-01-21,True,2024-01-21,
241,Ashley Greer PhD,colemichael@gmail.com,Kazakhstan,2025-05-02,2026-01-20,True,2026-01-20,
242,Patricia Young PhD,imartin@gmail.com,Suriname,2023-12-07,2024-04-06,True,2024-04-06,
243,Laura Patel,tiffany44@adams.com,Burkina Faso,2025-02-01,2025-06-23,True,2025-06-23,
244,Tamara Riddle,johndawson@juarez.biz,Liechtenstein,2023-10-18,2024-09-24,True,2024-09-24,
245,Debra Perry,schultznicole@gmail.com,Iraq,2024-08-03,2025-04-08,True,2025-04-08,
246,Melissa Wiley,amurphy@hotmail.com,Bermuda,2025-01-17,2025-05-06,True,2025-05-06,
247,Madison Terry,brobinson@simpson.com,Guadeloupe,2024-08-28,2025-05-31,True,2025-05-31,
248,Kylie Washington,williamsconnie@yahoo.com,Andorra,2023-10-04,2023-12-10,True,2023-12-10,
249,Brooke Bryant,wendyblankenship@hotmail.com,Gabon,2023-10-31,2024-08-18,True,2024-08-18,
250,Sherri Davis,christopher20@yahoo.com,Nigeria,2024-02-22,2024-12-13,True,2024-12-13,
251,Nicole Patterson,smiththomas@wheeler.info,Algeria,2023-07-06,2024-03-04,True,2024-03-04,
252,Ruth Mcneil,timperez@gmail.com,Saint Martin,2025-03-17,2025-07-19,True,2025-07-19,
253,Erik Ibarra,wayala@may.com,Bangladesh,2024-08-15,2025-04-14,True,2025-04-14,
254,Lisa Martin,courtneyhernandez@yahoo.com,New Zealand,2024-12-14,2025-07-10,True,2025-07-10,
255,Daniel Mosley,lawrencepatrick@edwards-taylor.com,Oman,2023-09-03,2023-12-09,True,2023-12-09,
256,Kyle Griffith,abbottdominique@yahoo.com,Costa Rica,2024-08-05,2024-09-22,True,2024-09-22,
257,Chelsea Myers,troyrodriguez@little-jones.com,Guyana,2025-06-24,2025-08-12,True,2025-08-12,
258,James Combs,amy27@gmail.com,Andorra,2024-09-28,2025-08-31,True,2025-08-31,
259,Dennis Williams,ohunter@mason.com,Northern Mariana Islands,2024-08-19,2025-03-27,True,2025-03-27,
260,Brittany Miller,terrimoore@myers-walters.com,Georgia,2024-12-23,2025-06-22,True,2025-06-22,
261,Troy Allen,middletondarren@lynch.com,British Indian Ocean Territory (Chagos Archipelago),2023-07-09,2024-02-10,True,2024-02-10,
262,Meredith Martin,gary24@hotmail.com,Turks and Caicos Islands,2023-09-29,2024-04-26,True,2024-04-26,
263,Alyssa Roman,bakertheresa@hotmail.com,Belarus,2024-07-19,2025-03-15,True,2025-03-15,
264,Ian Porter,eric19@sharp.com,Togo,2025-04-30,2025-05-27,True,2025-05-27,
265,Angel Cox,sarahmathews@pratt.com,Gibraltar,2024-01-08,2024-12-17,True,2024-12-17,
266,Nathan Nelson,david02@brock.biz,Bangladesh,2025-05-11,2026-04-10,True,2026-04-10,
267,Douglas Kirk,tranalan@gmail.com,French Guiana,2024-09-09,2025-08-05,True,2025-08-05,
268,Nancy Sanchez,xcuevas@gmail.com,Saint Martin,2025-05-29,2025-07-18,True,2025-07-18,
269,Rebecca Hernandez,hallmichael@hotmail.com,Turkey,2023-07-07,2023-08-07,True,2023-08-07,
270,April Sandoval,harristonya@yahoo.com,Liechtenstein,2023-08-15,2024-03-08,True,2024-03-08,
271,Brenda Ramirez,phyllismeyer@huang.org,Bhutan,2024-07-26,2025-01-15,True,2025-01-15,
272,Robert Jones,ibates@carter.biz,Reunion,2025-04-06,2025-05-31,True,2025-05-31,
273,Emily Nelson,derekcarrillo@moore.info,Lao People's Democratic Republic,2024-02-28,2024-07-04,True,2024-07-04,
274,Joshua Oconnell,qparker@davis.com,Sweden,2024-12-28,2025-04-05,True,2025-04-05,
275,Amanda Huff,christopherwright@yahoo.com,Indonesia,2024-08-01,2024-11-06,True,2024-11-06,
276,Edwin Wilkins,cranemelissa@adkins.com,British Virgin Islands,2023-07-09,2024-04-08,True,2024-04-08,
277,Richard Walker,owatson@miller.com,Angola,2023-08-19,2024-04-04,True,2024-04-04,
278,Matthew Lamb,david70@glass.biz,Luxembourg,2023-07-22,2023-10-01,True,2023-10-01,
279,Jeffery Gomez,joshua20@harvey.biz,Turkmenistan,2024-08-30,2025-04-03,True,2025-04-03,
280,Brandon Reyes,dawnrobles@gmail.com,Niue,2025-03-14,2025-06-15,True,2025-06-15,
281,Alicia Reyes,fstephens@yahoo.com,United States Minor Outlying Islands,2024-09-11,2025-01-31,True,2025-01-31,
282,Jasmine White,anthonycochran@yahoo.com,Azerbaijan,2025-03-19,2025-11-10,True,2025-11-10,
283,Kendra Wang DVM,wrightjohn@velasquez.com,Montserrat,2025-04-17,2025-08-22,True,2025-08-22,
284,Mrs. Taylor Frey,joelstewart@wolfe.com,Yemen,2024-09-12,2024-10-20,True,2024-10-20,
285,Kristine Lopez,gregory01@gmail.com,Djibouti,2024-10-09,2025-05-23,True,2025-05-23,
286,Joseph Smith,matthewthompson@brown-hernandez.com,Singapore,2023-09-24,2024-07-01,True,2024-07-01,
287,Shannon Yu,vwillis@yahoo.com,Gibraltar,2023-10-13,2023-12-02,True,2023-12-02,
288,Morgan Kim,grant89@yahoo.com,Czech Republic,2024-11-27,2024-12-22,True,2024-12-22,
289,Casey Parker,gregorysmith@hotmail.com,Yemen,2024-09-16,2025-08-15,True,2025-08-15,
290,Zachary Sanford,carriemccall@walker.com,Greenland,2025-01-28,2025-10-31,True,2025-10-31,
291,Gregory Flores,sean43@steele.com,Solomon Islands,2023-09-21,2023-09-28,True,2023-09-28,
292,Amber Kim,nicolesnyder@yahoo.com,Guernsey,2024-08-27,2024-10-13,True,2024-10-13,
293,Ronald Kramer,shannonlloyd@phillips.com,Zambia,2023-09-19,2024-01-18,True,2024-01-18,
294,Christopher Bennett,morgantricia@bush-reynolds.com,Netherlands,2025-05-21,2025-08-14,True,2025-08-14,
295,Anthony Rivera,uterry@fernandez.com,Australia,2024-04-30,2024-11-24,True,2024-11-24,
296,Sara Hernandez,pattersonkelly@hotmail.com,Nigeria,2024-10-08,2025-06-13,True,2025-06-13,
297,Mr. Daniel Little,tanthony@ruiz-jacobson.com,Bermuda,2024-11-09,2025-07-13,True,2025-07-13,
298,Cathy Mcclure,seanbaker@yahoo.com,Estonia,2023-12-22,2024-04-09,True,2024-04-09,
299,Kristy Hernandez,barnettlindsey@arellano-lawrence.net,Bahamas,2025-04-13,2025-11-04,True,2025-11-04,
300,Joseph Sheppard,thomasmiller@hotmail.com,Antigua and Barbuda,2024-07-23,2024-08-22,True,2024-08-22,
301,Kellie Duncan,averyshane@stanton.com,Armenia,2024-05-23,2024-08-15,True,2024-08-15,
302,Michael Harris,luis11@hawkins-arnold.com,Maldives,2024-06-19,2024-12-30,True,2024-12-30,
303,Alexandria Graves,perryeddie@hotmail.com,Mozambique,2025-02-08,2025-02-09,True,2025-02-09,
304,Ariel Garcia,mikayla56@reyes-washington.org,Lebanon,2023-07-29,2024-02-13,True,2024-02-13,
305,Jamie Montgomery,fosternatasha@hotmail.com,Dominica,2023-08-07,2023-12-20,True,2023-12-20,
306,Tammie Prince,lisa44@cameron-garrison.com,Trinidad and Tobago,2023-12-24,2024-08-12,True,2024-08-12,
307,William Ramos,jessica91@gmail.com,Kenya,2023-12-11,2024-05-05,True,2024-05-05,
308,Jennifer Washington,robertsonerik@yahoo.com,Russian Federation,2024-07-27,2025-02-28,True,2025-02-28,
309,Richard Warren,jameswhitaker@wright.com,Uruguay,2024-04-04,2025-03-26,True,2025-03-26,
310,Denise Colon,maldonadojohn@yahoo.com,Nauru,2024-06-10,2025-03-21,True,2025-03-21,
311,Seth Matthews,frank41@yahoo.com,Antarctica (the territory South of 60 deg S),2024-04-25,2025-03-29,True,2025-03-29,
312,Scott Chan,deborahbyrd@pearson-palmer.com,Lebanon,2025-06-06,2026-02-10,True,2026-02-10,
313,Christopher Owen,charlene44@woodard-york.info,El Salvador,2023-12-16,2024-03-04,True,2024-03-04,
314,Michael Holloway,smithyvonne@yahoo.com,Moldova,2024-11-13,2025-02-18,True,2025-02-18,
315,Diane Cohen,rogersjoshua@yahoo.com,Tokelau,2024-01-31,2024-06-30,True,2024-06-30,
316,Michael Stafford,edwardcannon@gmail.com,Sri Lanka,2025-04-25,2025-08-14,True,2025-08-14,
317,Lindsay Guerrero,rioswhitney@meadows-sullivan.com,Mozambique,2024-12-30,2025-01-28,True,2025-01-28,
318,Rose Cooper DDS,william28@gmail.com,French Polynesia,2023-09-13,2024-07-05,True,2024-07-05,
319,Patrick Hardy,destiny35@garner.biz,Solomon Islands,2025-05-18,2026-02-19,True,2026-02-19,
320,David Carter,obrown@carpenter.com,Macao,2023-10-01,2023-11-01,True,2023-11-01,
321,Jane Evans,derrickgonzalez@benitez-orozco.info,Cambodia,2024-03-01,2024-08-08,True,2024-08-08,
322,Catherine Miller,lawrencebrown@yahoo.com,Falkland Islands (Malvinas),2023-12-09,2024-01-07,True,2024-01-07,
323,Caroline Duran,andersonryan@yahoo.com,Iraq,2024-05-28,2024-06-22,True,2024-06-22,
324,Janet Johnson,stephanie58@smith.com,Czech Republic,2024-12-19,2025-10-14,True,2025-10-14,
325,Emily Garcia,cameronwilliams@yahoo.com,Korea,2025-01-15,2025-09-16,True,2025-09-16,
326,Kelly Hamilton,wendy75@martin.com,Denmark,2023-12-21,2024-09-03,True,2024-09-03,
327,Bonnie Gross,richardsondebra@brooks.com,Sierra Leone,2024-08-18,2025-05-16,True,2025-05-16,
328,Linda Williams,williamsdarrell@james-kelley.info,Reunion,2023-10-26,2024-01-14,True,2024-01-14,
329,Michael Smith,batesjoseph@hotmail.com,Reunion,2023-10-14,2023-11-12,True,2023-11-12,
330,Steven Hunt,daniel17@lynch.net,Cook Islands,2024-04-03,2024-12-19,True,2024-12-19,
331,Elizabeth Williams,haleycastillo@gmail.com,Afghanistan,2023-07-09,2023-08-19,True,2023-08-19,
332,Susan Conley,stacychan@gmail.com,Saint Kitts and Nevis,2025-01-12,2025-04-17,True,2025-04-17,
333,David Hall,steven12@gmail.com,Timor-Leste,2024-02-10,2024-03-16,True,2024-03-16,
334,Michael Simmons,yorkpamela@christian.com,Greenland,2024-04-02,2025-01-31,True,2025-01-31,
335,Tina Adams,lisa21@ross-bryant.biz,Portugal,2025-04-20,2025-05-24,True,2025-05-24,
336,Javier Mercado,andersonjessica@garcia.info,Spain,2024-09-13,2025-08-24,True,2025-08-24,
337,Catherine James,huffmannichole@hotmail.com,Uganda,2023-10-09,2024-02-06,True,2024-02-06,
338,Mr. Stephen Alexander,diana08@ray.com,Malaysia,2024-08-09,2025-03-03,True,2025-03-03,
339,Lisa Reynolds,rreed@cruz.org,Austria,2023-07-09,2023-09-08,True,2023-09-08,
340,Brooke Allison,charlesvasquez@gmail.com,Greenland,2024-02-01,2024-11-18,True,2024-11-18,
341,Daniel Schneider,christianwallace@hotmail.com,Kiribati,2023-09-06,2024-01-10,True,2024-01-10,
342,Jillian Wilson,garciarobert@hotmail.com,Mayotte,2023-06-30,2024-04-21,True,2024-04-21,
343,Rebecca Richmond,diamondbryant@yahoo.com,Haiti,2025-04-01,2026-01-30,True,2026-01-30,
344,Daniel Gibson,jennifer11@hotmail.com,Cyprus,2023-07-01,2023-07-21,True,2023-07-21,
345,Ronald Brandt,jacqueline02@yahoo.com,Burundi,2025-03-29,2026-02-09,True,2026-02-09,
346,Mikayla Rodriguez,davidphelps@bryant.com,Botswana,2025-02-07,2025-03-20,True,2025-03-20,
347,Timothy Monroe,lellis@taylor.com,Mexico,2025-06-25,2026-01-25,True,2026-01-25,
348,Kevin Glass,jessicaanderson@sandoval-obrien.com,Macedonia,2025-05-14,2026-04-15,True,2026-04-15,
349,William Moon,raymond54@ballard-taylor.org,Reunion,2025-05-18,2026-03-12,True,2026-03-12,
350,Elizabeth Miles,jamesweber@yahoo.com,Poland,2024-03-24,2025-01-07,True,2025-01-07,
351,Brandi Page,jennifer58@aguilar-bender.biz,Peru,2025-01-30,2025-10-24,True,2025-10-24,
352,Kimberly Rich,millsanthony@gmail.com,Austria,2024-12-01,2025-05-11,True,2025-05-11,
353,Derek Floyd,dwayne04@gmail.com,Sao Tome and Principe,2024-08-23,2025-01-03,True,2025-01-03,
354,Robert Garcia,yyoung@roberts.biz,Israel,2025-03-03,2025-06-15,True,2025-06-15,
355,Emily Arnold,james73@bush.net,Saint Vincent and the Grenadines,2024-10-10,2025-09-17,True,2025-09-17,
356,Nathaniel Lee,tonyajones@gmail.com,Saint Pierre and Miquelon,2024-08-02,2025-01-09,True,2025-01-09,
357,Andrew Ramirez,eugenesingleton@gmail.com,Greenland,2024-06-26,2024-10-26,True,2024-10-26,
358,Brittney Hernandez,ayalacolleen@hotmail.com,Gabon,2024-07-15,2024-11-27,True,2024-11-27,
359,Krista Jones,susanmeyer@hotmail.com,Cayman Islands,2024-05-18,2024-12-06,True,2024-12-06,
360,Jennifer Bailey,mark43@moreno.com,Brazil,2024-11-30,2025-02-05,True,2025-02-05,
361,David May,flemingmanuel@cruz.com,Anguilla,2025-06-06,2026-05-15,True,2026-05-15,
362,Patricia Robertson,pwilliams@gmail.com,Gibraltar,2024-08-02,2025-06-28,True,2025-06-28,
363,Brendan Bonilla,clarkcrystal@hancock.com,Costa Rica,2024-08-20,2025-01-20,True,2025-01-20,
364,Sherry Figueroa,burgesseric@yahoo.com,Saint Barthelemy,2024-03-13,2024-11-02,True,2024-11-02,
365,Benjamin Thompson,andrewsjeremy@yahoo.com,Ireland,2024-04-26,2024-10-04,True,2024-10-04,
366,Jared Stewart,nicholsdarlene@hotmail.com,Bahrain,2025-02-06,2025-03-15,True,2025-03-15,
367,Amber Charles,robertsgina@hotmail.com,Benin,2024-02-03,2024-02-07,True,2024-02-07,
368,Jessica Foster,omoore@francis.com,Norfolk Island,2023-10-19,2024-06-09,True,2024-06-09,
369,Stephen Sanford,spencerangela@gmail.com,Armenia,2023-07-03,2024-05-16,True,2024-05-16,
370,Jennifer Kelley,jason53@whitehead-york.com,Central African Republic,2023-11-19,2024-09-02,True,2024-09-02,
371,Ruben Lee,yorksarah@murray.com,El Salvador,2023-09-14,2023-11-04,True,2023-11-04,
372,Kevin Lynn,emilyyoung@yahoo.com,Nicaragua,2023-08-23,2023-09-29,True,2023-09-29,
373,Emily Hayes,arianadiaz@yahoo.com,Japan,2023-11-07,2024-08-08,True,2024-08-08,
374,David Walker,mary25@yahoo.com,Kyrgyz Republic,2024-06-09,2024-09-26,True,2024-09-26,
375,Eric Arnold,wilkinsonmichele@vance.com,Saint Martin,2025-05-18,2026-02-01,True,2026-02-01,
376,Monica Mcclain,nhammond@arnold.net,Latvia,2024-11-18,2025-04-02,True,2025-04-02,
377,Holly Walker,stevendixon@yahoo.com,Haiti,2024-07-24,2024-09-29,True,2024-09-29,
378,David Maynard,seanwhite@hopkins.info,Wallis and Futuna,2024-04-03,2024-09-28,True,2024-09-28,
379,Philip Hall,jim38@yahoo.com,Iceland,2024-06-28,2024-08-02,True,2024-08-02,
380,Sierra Williams,padillaadrienne@yahoo.com,Syrian Arab Republic,2025-01-26,2025-05-31,True,2025-05-31,
381,Joshua Thompson,briana18@yahoo.com,Honduras,2025-06-03,2025-12-09,True,2025-12-09,
382,Jared Roth,msparks@gmail.com,Macao,2025-05-15,2025-10-07,True,2025-10-07,
383,Christopher Jones,edwardmoore@hotmail.com,Saint Barthelemy,2025-03-25,2025-06-13,True,2025-06-13,
384,David Shepherd,eleonard@garza.biz,Angola,2024-01-05,2024-08-16,True,2024-08-16,
385,Kenneth Martin,brianscott@black.org,Monaco,2024-11-06,2025-08-11,True,2025-08-11,
386,Nathan Stanley,robinsoncatherine@yahoo.com,Trinidad and Tobago,2024-07-08,2025-07-03,True,2025-07-03,
387,Ronald Burke,gary57@garza.com,Andorra,2023-12-04,2024-05-06,True,2024-05-06,
388,Susan Cohen,thompsonrachel@williams.com,Bermuda,2024-07-08,2025-05-17,True,2025-05-17,
389,Stephanie Ryan,xboyd@wolfe.com,Wallis and Futuna,2025-03-14,2026-02-11,True,2026-02-11,
390,Dr. Gregory Ballard,eanderson@kent.com,Nepal,2025-05-11,2026-02-05,True,2026-02-05,
391,Deanna Smith,meyernicholas@watts.biz,Guyana,2023-09-20,2023-09-24,True,2023-09-24,
392,Matthew King,cheryl63@yahoo.com,Mexico,2025-02-27,2026-02-03,True,2026-02-03,
393,Cassandra Hansen,vanessa95@hotmail.com,Indonesia,2025-01-21,2025-10-31,True,2025-10-31,
394,Scott Wilson,klogan@lewis.com,Spain,2024-08-30,2025-01-30,True,2025-01-30,
395,Melinda Williams,brockmadeline@yahoo.com,Vanuatu,2024-10-08,2025-09-12,True,2025-09-12,
396,Austin Walker,ramseysarah@mendez-meyer.org,Azerbaijan,2025-02-19,2025-04-13,True,2025-04-13,
397,Margaret Gonzales,james98@hale.com,Dominican Republic,2024-11-19,2025-01-26,True,2025-01-26,
398,Christopher Shea,elizabeth69@gmail.com,Malaysia,2023-07-11,2023-11-23,True,2023-11-23,
399,Andrea Davis,michael43@hotmail.com,Congo,2024-06-17,2024-08-15,True,2024-08-15,
400,Laura Green,hansenwesley@yahoo.com,Yemen,2023-09-28,2023-11-21,True,2023-11-21,
401,Tina Walter,kchurch@yahoo.com,Sierra Leone,2024-01-04,2024-10-13,True,2024-10-13,
402,Tonya Ellis,olsonjonathan@yahoo.com,Norfolk Island,2025-03-03,2025-05-21,True,2025-05-21,
403,Megan Hall MD,haynesjose@yahoo.com,Bermuda,2024-05-04,2024-09-20,True,2024-09-20,
404,Samantha Jones,nedwards@adams.com,Luxembourg,2025-01-22,2025-06-15,True,2025-06-15,
405,Nicolas Salas,jameswright@kelly.com,Philippines,2024-11-26,2025-10-01,True,2025-10-01,
406,Aaron Vincent DVM,christine79@yahoo.com,Liechtenstein,2023-11-19,2024-03-05,True,2024-03-05,
407,Dr. Diana Walker,foxrodney@johnson.com,Kuwait,2023-10-01,2024-03-24,True,2024-03-24,
408,Julia Norris,nicolasgarcia@salazar-green.net,Estonia,2023-12-31,2024-04-13,True,2024-04-13,
409,Tyler Cooper,acoleman@goodwin.info,Cocos (Keeling) Islands,2024-09-15,2025-09-01,True,2025-09-01,
410,Kenneth Perez,linda86@gonzalez-marsh.com,Lebanon,2025-03-16,2026-02-03,True,2026-02-03,
411,Javier Taylor,jevans@hotmail.com,Australia,2024-05-04,2024-09-16,True,2024-09-16,
412,Christopher Lewis,gcombs@yahoo.com,Samoa,2024-03-15,2024-11-28,True,2024-11-28,
413,Isaac Grant,andrew15@hotmail.com,Netherlands,2023-12-01,2024-08-07,True,2024-08-07,
414,Marie Ryan,mark87@hotmail.com,Kiribati,2025-05-20,2025-09-25,True,2025-09-25,
415,Louis Ford,daniellemcfarland@welch-duncan.com,Belgium,2023-11-02,2023-11-28,True,2023-11-28,
416,Erik Delgado,cnelson@yahoo.com,San Marino,2024-09-27,2024-11-13,True,2024-11-13,
417,Joanna Jackson,jessicastanley@haynes.com,Bhutan,2023-08-18,2024-07-07,True,2024-07-07,
418,Kara Brown,garciachristine@gmail.com,Palau,2025-06-22,2026-01-24,True,2026-01-24,
419,Ellen Wright,isims@hotmail.com,Taiwan,2023-11-09,2024-03-29,True,2024-03-29,
420,Matthew Dalton,imcdonald@yahoo.com,Mayotte,2024-06-09,2024-07-01,True,2024-07-01,
421,Travis Ryan,omills@hotmail.com,Georgia,2025-06-04,2025-06-05,True,2025-06-05,
422,Joshua Ballard,michael42@yahoo.com,Algeria,2023-06-30,2023-12-17,True,2023-12-17,
423,Olivia Taylor,snichols@yahoo.com,Yemen,2025-02-05,2025-04-12,True,2025-04-12,
424,Adam Jordan,laurakelley@gmail.com,Isle of Man,2025-05-15,2026-04-06,True,2026-04-06,
425,Jennifer Martin,fwalker@yahoo.com,Nigeria,2024-01-02,2024-05-15,True,2024-05-15,
426,Rebecca Austin,deborah84@yahoo.com,Comoros,2025-04-22,2025-07-13,True,2025-07-13,
427,Chad Rodriguez,nnelson@yahoo.com,Comoros,2024-03-05,2024-10-17,True,2024-10-17,
428,Anthony Nichols,campbelldavid@acosta-hall.com,American Samoa,2024-07-17,2025-04-25,True,2025-04-25,
429,Jason Floyd,steven05@gmail.com,Tajikistan,2025-02-01,2026-01-28,True,2026-01-28,
430,Amy Rowe,qwhite@clayton-martinez.com,Hungary,2025-02-18,2025-09-24,True,2025-09-24,
431,Danielle Vang,gmoss@wade.com,Vietnam,2024-03-06,2024-12-18,True,2024-12-18,
432,Nicholas Garner,timothy43@clay-boyer.com,Bouvet Island (Bouvetoya),2023-12-30,2024-01-03,True,2024-01-03,
433,Erika Jackson,fosterjohn@gmail.com,Morocco,2025-02-27,2025-04-25,True,2025-04-25,
434,Melissa Moore,ericdavis@morgan.com,Bahamas,2024-04-01,2024-05-09,True,2024-05-09,
435,Meredith Moody,jhall@sherman.com,Angola,2024-12-16,2025-12-04,True,2025-12-04,
436,Nathaniel King,jmann@daniels-henry.org,Colombia,2024-08-25,2024-11-09,True,2024-11-09,
437,Nicholas Hill,schmidtshannon@weaver-gibson.net,Hong Kong,2025-01-19,2025-10-25,True,2025-10-25,
438,Albert Vincent,jennifer86@warren.net,Cape Verde,2024-10-18,2024-11-05,True,2024-11-05,
439,Jason Morris,williamssharon@russo.com,Libyan Arab Jamahiriya,2023-11-25,2024-06-01,True,2024-06-01,
440,Kenneth Huff,brandon39@hotmail.com,Barbados,2023-07-10,2024-05-03,True,2024-05-03,
441,Christine Henry,dowen@grant-hurley.biz,Swaziland,2024-04-11,2025-01-18,True,2025-01-18,
442,Amy Jensen,davenportchristian@yu.com,Saint Kitts and Nevis,2023-12-26,2024-03-10,True,2024-03-10,
443,Chelsey Fox,angelagrant@garcia.info,Reunion,2024-11-27,2025-07-05,True,2025-07-05,
444,Brian Sparks,diane89@yahoo.com,Venezuela,2024-03-29,2024-06-02,True,2024-06-02,
445,Krista Shea,bduran@hotmail.com,Gibraltar,2024-10-14,2024-11-04,True,2024-11-04,
446,Joshua Brooks,suzanne76@gmail.com,Saint Kitts and Nevis,2023-07-26,2023-12-30,True,2023-12-30,
447,Ms. Kelly Holder,evansjeffrey@yahoo.com,Angola,2025-02-18,2025-08-23,True,2025-08-23,
448,Melissa Hill,johnsonmichael@baker.com,Djibouti,2024-01-15,2024-02-04,True,2024-02-04,
449,Anna Ross,cummingslaura@freeman.org,Svalbard & Jan Mayen Islands,2025-06-03,2025-12-03,True,2025-12-03,
450,Martin Johnson,deleonsandra@yahoo.com,Guernsey,2025-05-13,2025-08-28,True,2025-08-28,
451,Jennifer Parrish,walterscrystal@torres.com,Mauritania,2024-09-10,2025-08-25,True,2025-08-25,
452,Jonathan Walker,wmaddox@johnston.biz,Cameroon,2023-10-10,2024-02-14,True,2024-02-14,
453,John Mcgee,christopher86@hotmail.com,Bulgaria,2025-02-10,2026-01-17,True,2026-01-17,
454,Justin Freeman,johnadams@morris-glass.com,Bouvet Island (Bouvetoya),2024-12-02,2025-01-23,True,2025-01-23,
455,Jacob Lee,carrillogary@yahoo.com,New Zealand,2025-03-29,2025-09-26,True,2025-09-26,
456,Jessica Thomas MD,ginamoore@farrell.org,Vanuatu,2023-10-22,2024-08-03,True,2024-08-03,
457,Samantha Smith,shannon05@singh.com,Mauritius,2024-08-09,2025-03-05,True,2025-03-05,
458,Kimberly Dean,bennettrebecca@williams.org,Faroe Islands,2023-08-10,2024-06-22,True,2024-06-22,
459,Tony Jones,michelle04@hotmail.com,Hungary,2023-12-26,2024-03-14,True,2024-03-14,
460,Katie Mckinney,idelacruz@gmail.com,Colombia,2023-12-01,2024-03-31,True,2024-03-31,
461,Judith House,wrightalyssa@burns-garner.com,Guatemala,2024-12-12,2025-03-05,True,2025-03-05,
462,Mario Young,garrettnatasha@gmail.com,Western Sahara,2024-09-03,2024-12-02,True,2024-12-02,
463,Courtney Peterson,christopherreyes@hotmail.com,New Caledonia,2025-05-07,2025-12-04,True,2025-12-04,
464,Crystal Allen,mwaller@cole-anderson.com,Morocco,2024-08-23,2024-09-04,True,2024-09-04,
465,Christina Taylor,xforbes@douglas.com,Ghana,2023-08-21,2023-11-20,True,2023-11-20,
466,Tiffany Wilson,jessicacannon@yahoo.com,Isle of Man,2024-02-20,2024-08-08,True,2024-08-08,
467,Timothy Shannon,kimberlyrodriguez@gmail.com,Anguilla,2025-02-11,2025-09-09,True,2025-09-09,
468,Miss Lisa Salazar,gracehoward@chan.info,Rwanda,2024-11-15,2025-10-23,True,2025-10-23,
469,Samuel Henry,jamesjohnson@schaefer.com,Samoa,2024-12-02,2025-04-08,True,2025-04-08,
470,Norma Jones DVM,dwatts@gmail.com,Japan,2024-05-09,2024-09-22,True,2024-09-22,
471,Lisa Holloway,vcarr@hotmail.com,Nauru,2024-08-19,2024-11-08,True,2024-11-08,
472,Sheri Buchanan,cbryant@stone.com,Micronesia,2024-04-25,2025-04-19,True,2025-04-19,
473,Lydia Williams,tsanders@yahoo.com,Kyrgyz Republic,2023-11-06,2023-12-31,True,2023-12-31,
474,Louis Brown,cgallegos@sharp.com,Slovakia (Slovak Republic),2024-09-26,2025-04-09,True,2025-04-09,
475,Melissa Taylor,shannon27@hotmail.com,Ukraine,2025-01-03,2025-01-22,True,2025-01-22,
476,Sonya Davis,jennifermartinez@gmail.com,Romania,2024-06-13,2025-02-08,True,2025-02-08,
477,Angela Zimmerman,cpierce@barr.com,Central African Republic,2025-05-04,2025-08-25,True,2025-08-25,
478,Randy Williams,jessica74@hotmail.com,Cocos (Keeling) Islands,2023-09-29,2024-01-09,True,2024-01-09,
479,Toni Smith,ellismelissa@hotmail.com,Sri Lanka,2023-07-04,2024-02-24,True,2024-02-24,
480,Katherine Robinson,fortiz@hotmail.com,Nepal,2023-07-05,2023-12-31,True,2023-12-31,
481,Joshua Harvey,lopezbrian@johnson-nash.org,Taiwan,2024-10-10,2025-03-15,True,2025-03-15,
482,Thomas Williams,evanmitchell@hotmail.com,Puerto Rico,2024-12-24,2025-04-19,True,2025-04-19,
483,Rachel Thompson,sarah14@yahoo.com,Heard Island and McDonald Islands,2025-05-27,2025-09-18,True,2025-09-18,
484,Barry Simmons,thomas14@rose-warren.com,New Caledonia,2023-08-14,2023-08-26,True,2023-08-26,
485,Nicholas Fuller,mramsey@mitchell.net,Montserrat,2024-10-26,2025-09-28,True,2025-09-28,
486,Carl Hart,nmorton@gmail.com,Russian Federation,2024-02-10,2024-05-18,True,2024-05-18,
487,April Johnson,laurenduarte@williams-bailey.com,Algeria,2024-11-08,2025-05-31,True,2025-05-31,
488,Douglas Tyler,william50@gmail.com,Poland,2024-03-14,2024-08-29,True,2024-08-29,
489,Nathaniel Gilbert,jamesbass@mendoza.com,Liberia,2023-10-28,2024-03-18,True,2024-03-18,
490,Stephanie Herrera,abowers@hotmail.com,Azerbaijan,2025-04-08,2025-05-13,True,2025-05-13,
491,Krystal Gregory,barbararivera@jones-hernandez.com,Guadeloupe,2024-04-16,2024-09-05,True,2024-09-05,
492,Sarah Duncan,brookehancock@yahoo.com,Romania,2025-04-26,2025-10-22,True,2025-10-22,
493,Andres Gutierrez,nathangallegos@yahoo.com,Cuba,2024-08-10,2025-07-04,True,2025-07-04,
494,Brian Glover,wallaceangel@stein-moore.com,Uzbekistan,2024-07-09,2025-03-26,True,2025-03-26,
495,Kelly Rowe,shortsharon@haney.biz,Rwanda,2025-05-01,2025-11-21,True,2025-11-21,
496,April Randolph,steven01@miranda.com,Northern Mariana Islands,2025-05-22,2026-05-04,True,2026-05-04,
497,Curtis Mitchell,rlambert@gmail.com,Cayman Islands,2024-01-28,2024-10-28,True,2024-10-28,
498,Tyler Castro,amydunn@thomas-bush.com,Montenegro,2024-01-06,2024-06-23,True,2024-06-23,
499,Eric Mcclain,andersonthomas@hotmail.com,Australia,2023-09-20,2023-10-04,True,2023-10-04,
500,Brandon Myers,larry38@gmail.com,Uzbekistan,2025-02-06,2025-04-06,True,2025-04-06,
